LocalTimestamp,EmotiBitTimestamp,PacketNumber,DataLength,TypeTag,ProtocolVersion,DataReliability,EA
1764109670.278400,13322923.000,58386,1,EA,1,100,1.551511
1764109670.345403,13322990.000,58403,2,EA,1,100,1.554283
1764109670.412405,13323057.000,58403,2,EA,1,100,1.558808
1764109670.478408,13323123.000,58419,1,EA,1,100,1.563009
1764109670.545411,13323190.000,58440,2,EA,1,100,1.565120
1764109670.612414,13323257.000,58440,2,EA,1,100,1.566527
1764109670.678917,13323323.500,58455,2,EA,1,100,1.567585
1764109670.745420,13323390.000,58455,2,EA,1,100,1.570418
1764109670.812423,13323457.000,58472,1,EA,1,100,1.572191
1764109670.878926,13323523.500,58489,2,EA,1,100,1.570771
1764109670.945429,13323590.000,58489,2,EA,1,100,1.565822
1764109671.012432,13323657.000,58506,1,EA,1,100,1.563009
1764109671.078934,13323723.500,58520,2,EA,1,100,1.559858
1764109671.145437,13323790.000,58520,2,EA,1,100,1.558460
1764109671.212440,13323857.000,58538,1,EA,1,100,1.558112
1764109671.278943,13323923.500,58554,2,EA,1,100,1.557064
1764109671.345446,13323990.000,58554,2,EA,1,100,1.556370
1764109671.412449,13324057.000,58571,1,EA,1,100,1.555674
1764109671.478952,13324123.500,58588,2,EA,1,100,1.554978
1764109671.545455,13324190.000,58588,2,EA,1,100,1.553937
1764109671.612458,13324257.000,58605,1,EA,1,100,1.553588
1764109671.678961,13324323.500,58621,2,EA,1,100,1.553243
1764109671.745464,13324390.000,58621,2,EA,1,100,1.551856
1764109671.811466,13324456.000,58638,1,EA,1,100,1.550819
1764109671.878469,13324523.000,58655,2,EA,1,100,1.549784
1764109671.945472,13324590.000,58655,2,EA,1,100,1.548403
1764109672.012475,13324657.000,58672,1,EA,1,100,1.547371
1764109672.078978,13324723.500,58688,2,EA,1,100,1.545998
1764109672.145481,13324790.000,58688,2,EA,1,100,1.543939
1764109672.212484,13324857.000,58706,1,EA,1,100,1.542572
1764109672.278987,13324923.500,58720,2,EA,1,100,1.540864
1764109672.345490,13324990.000,58720,2,EA,1,100,1.538818
1764109672.411492,13325056.000,58737,1,EA,1,100,1.537799
1764109672.478495,13325123.000,58754,2,EA,1,100,1.536439
1764109672.545498,13325190.000,58754,2,EA,1,100,1.534745
1764109672.611501,13325256.000,58773,1,EA,1,100,1.534408
1764109672.678504,13325323.000,58788,2,EA,1,100,1.532382
1764109672.745507,13325390.000,58788,2,EA,1,100,1.530024
1764109672.812010,13325456.500,58805,2,EA,1,100,1.529351
1764109672.878513,13325523.000,58805,2,EA,1,100,1.528344
1764109672.945516,13325590.000,58821,1,EA,1,100,1.527672
1764109673.012019,13325656.500,58838,2,EA,1,100,1.527001
1764109673.078521,13325723.000,58838,2,EA,1,100,1.525997
1764109673.145524,13325790.000,58854,1,EA,1,100,1.525328
1764109673.212027,13325856.500,58870,2,EA,1,100,1.523326
1764109673.278530,13325923.000,58870,2,EA,1,100,1.521660
1764109673.345033,13325989.500,58893,2,EA,1,100,1.520330
1764109673.411536,13326056.000,58893,2,EA,1,100,1.518341
1764109673.478539,13326123.000,58910,1,EA,1,100,1.517016
1764109673.545042,13326189.500,58927,2,EA,1,100,1.515696
1764109673.611545,13326256.000,58927,2,EA,1,100,1.513057
1764109673.678548,13326323.000,58944,1,EA,1,100,1.504230
1764109673.745050,13326389.500,58959,2,EA,1,100,1.502930
1764109673.811553,13326456.000,58959,2,EA,1,100,1.499369
1764109673.878556,13326523.000,58976,1,EA,1,100,1.492937
1764109673.945059,13326589.500,58994,2,EA,1,100,1.491656
1764109674.011562,13326656.000,58994,2,EA,1,100,1.501631
1764109674.078565,13326723.000,59011,1,EA,1,100,1.503580
1764109674.145068,13326789.500,59027,2,EA,1,100,1.502930
1764109674.211571,13326856.000,59027,2,EA,1,100,1.503253
1764109674.278574,13326923.000,59043,2,EA,1,100,1.505858
1764109674.345577,13326990.000,59043,2,EA,1,100,1.503903
1764109674.411579,13327056.000,59059,1,EA,1,100,1.499691
1764109674.478582,13327123.000,59077,2,EA,1,100,1.496146
1764109674.545585,13327190.000,59077,2,EA,1,100,1.494217
1764109674.611588,13327256.000,59093,1,EA,1,100,1.492296
1764109674.678591,13327323.000,59108,2,EA,1,100,1.491337
1764109674.745594,13327390.000,59108,2,EA,1,100,1.489103
1764109674.811597,13327456.000,59124,1,EA,1,100,1.490059
1764109674.878600,13327523.000,59142,2,EA,1,100,1.489103
1764109674.945603,13327590.000,59142,2,EA,1,100,1.489103
1764109675.011606,13327656.000,59158,1,EA,1,100,1.486875
1764109675.078108,13327722.500,59173,2,EA,1,100,1.485924
1764109675.144611,13327789.000,59173,2,EA,1,100,1.483706
1764109675.211614,13327856.000,59190,1,EA,1,100,1.482440
1764109675.278117,13327922.500,59207,2,EA,1,100,1.480863
1764109675.344620,13327989.000,59207,2,EA,1,100,1.478663
1764109675.411623,13328056.000,59223,1,EA,1,100,1.476779
1764109675.478126,13328122.500,59239,2,EA,1,100,1.474277
1764109675.544629,13328189.000,59239,2,EA,1,100,1.463733
1764109675.611632,13328256.000,59255,1,EA,1,100,1.450010
1764109675.678134,13328322.500,59274,2,EA,1,100,1.446396
1764109675.744637,13328389.000,59274,2,EA,1,100,1.445194
1764109675.811640,13328456.000,59290,1,EA,1,100,1.445194
1764109675.878143,13328522.500,59306,2,EA,1,100,1.443695
1764109675.944646,13328589.000,59306,2,EA,1,100,1.444593
1764109676.011649,13328656.000,59322,1,EA,1,100,1.460356
1764109676.078152,13328722.500,59339,2,EA,1,100,1.465274
1764109676.144655,13328789.000,59339,2,EA,1,100,1.465585
1764109676.211658,13328856.000,59356,1,EA,1,100,1.465892
1764109676.278161,13328922.500,59372,2,EA,1,100,1.467749
1764109676.344663,13328989.000,59372,2,EA,1,100,1.462196
1764109676.411666,13329056.000,59387,2,EA,1,100,1.469916
1764109676.478669,13329123.000,59387,2,EA,1,100,1.486240
1764109676.544672,13329189.000,59405,1,EA,1,100,1.489741
1764109676.611675,13329256.000,59421,2,EA,1,100,1.494217
1764109676.678678,13329323.000,59421,2,EA,1,100,1.477406
1764109676.744681,13329389.000,59438,1,EA,1,100,1.477094
1764109676.811684,13329456.000,59453,2,EA,1,100,1.479289
1764109676.878687,13329523.000,59453,2,EA,1,100,1.480549
1764109676.944690,13329589.000,59472,1,EA,1,100,1.478976
1764109677.011693,13329656.000,59488,2,EA,1,100,1.475214
1764109677.078695,13329723.000,59488,2,EA,1,100,1.472717
1764109677.144698,13329789.000,59505,1,EA,1,100,1.469916
1764109677.211701,13329856.000,59520,2,EA,1,100,1.468366
1764109677.278704,13329923.000,59520,2,EA,1,100,1.465585
1764109677.344707,13329989.000,59537,1,EA,1,100,1.467129
1764109677.411710,13330056.000,59553,2,EA,1,100,1.470538
1764109677.478713,13330123.000,59553,2,EA,1,100,1.466818
1764109677.544716,13330189.000,59573,1,EA,1,100,1.465274
1764109677.611719,13330256.000,59587,2,EA,1,100,1.460661
1764109677.678721,13330323.000,59587,2,EA,1,100,1.454556
1764109677.744724,13330389.000,59604,1,EA,1,100,1.456384
1764109677.811727,13330456.000,59623,2,EA,1,100,1.452433
1764109677.878730,13330523.000,59623,2,EA,1,100,1.450010
1764109677.944733,13330589.000,59640,1,EA,1,100,1.451221
1764109678.011736,13330656.000,59655,2,EA,1,100,1.461275
1764109678.078739,13330723.000,59655,2,EA,1,100,1.463733
1764109678.144742,13330789.000,59671,1,EA,1,100,1.455471
1764109678.211745,13330856.000,59690,2,EA,1,100,1.453645
1764109678.278748,13330923.000,59690,2,EA,1,100,1.443397
1764109678.345250,13330989.500,59707,2,EA,1,100,1.416659
1764109678.411753,13331056.000,59707,2,EA,1,100,1.397880
1764109678.478256,13331122.500,59730,2,EA,1,100,1.390063
1764109678.544759,13331189.000,59730,2,EA,1,100,1.383430
1764109678.611762,13331256.000,59748,1,EA,1,100,1.386461
1764109678.678265,13331322.500,59763,2,EA,1,100,1.394797
1764109678.744768,13331389.000,59763,2,EA,1,100,1.407776
1764109678.811771,13331456.000,59779,1,EA,1,100,1.409773
1764109678.878274,13331522.500,59797,2,EA,1,100,1.410058
1764109678.944777,13331589.000,59797,2,EA,1,100,1.417236
1764109679.011780,13331656.000,59815,1,EA,1,100,1.401539
1764109679.078282,13331722.500,59831,2,EA,1,100,1.401820
1764109679.144785,13331789.000,59831,2,EA,1,100,1.411773
1764109679.211788,13331856.000,59847,1,EA,1,100,1.402951
1764109679.278291,13331922.500,59864,2,EA,1,100,1.411202
1764109679.344794,13331989.000,59864,2,EA,1,100,1.416949
1764109679.411297,13332055.500,59880,2,EA,1,100,1.414932
1764109679.477800,13332122.000,59880,2,EA,1,100,1.410630
1764109679.544803,13332189.000,59898,1,EA,1,100,1.412635
1764109679.611305,13332255.500,59912,2,EA,1,100,1.413206
1764109679.677809,13332322.000,59912,2,EA,1,100,1.415218
1764109679.744811,13332389.000,59929,1,EA,1,100,1.412346
1764109679.811314,13332455.500,59946,2,EA,1,100,1.412346
1764109679.877817,13332522.000,59946,2,EA,1,100,1.414356
1764109679.944820,13332589.000,59963,1,EA,1,100,1.411773
1764109680.011323,13332655.500,59979,2,EA,1,100,1.411487
1764109680.077826,13332722.000,59979,2,EA,1,100,1.408915
1764109680.144829,13332789.000,59996,1,EA,1,100,1.412061
1764109680.211332,13332855.500,60013,2,EA,1,100,1.410630
1764109680.277834,13332922.000,60013,2,EA,1,100,1.409773
1764109680.344837,13332989.000,60030,1,EA,1,100,1.408060
1764109680.411340,13333055.500,60044,2,EA,1,100,1.407207
1764109680.477843,13333122.000,60044,2,EA,1,100,1.406068
1764109680.544846,13333189.000,60062,1,EA,1,100,1.405785
1764109680.611349,13333255.500,60078,2,EA,1,100,1.404367
1764109680.677852,13333322.000,60078,2,EA,1,100,1.404935
1764109680.744855,13333389.000,60095,1,EA,1,100,1.404367
1764109680.811358,13333455.500,60110,2,EA,1,100,1.404367
1764109680.877861,13333522.000,60110,2,EA,1,100,1.402951
1764109680.944864,13333589.000,60127,1,EA,1,100,1.402951
1764109681.011366,13333655.500,60143,2,EA,1,100,1.402951
1764109681.077869,13333722.000,60143,2,EA,1,100,1.402670
1764109681.144872,13333789.000,60160,1,EA,1,100,1.404367
1764109681.211375,13333855.500,60176,2,EA,1,100,1.404367
1764109681.277878,13333922.000,60176,2,EA,1,100,1.403518
1764109681.344881,13333989.000,60192,2,EA,1,100,1.402670
1764109681.411884,13334056.000,60192,2,EA,1,100,1.400693
1764109681.477887,13334122.000,60208,1,EA,1,100,1.399849
1764109681.544890,13334189.000,60226,2,EA,1,100,1.399565
1764109681.611892,13334256.000,60226,2,EA,1,100,1.397318
1764109681.677895,13334322.000,60242,1,EA,1,100,1.399002
1764109681.744398,13334388.500,60257,2,EA,1,100,1.404367
1764109681.810901,13334455.000,60257,2,EA,1,100,1.404367
1764109681.877904,13334522.000,60274,1,EA,1,100,1.404085
1764109681.944407,13334588.500,60295,2,EA,1,100,1.402951
1764109682.010910,13334655.000,60295,2,EA,1,100,1.401820
1764109682.077913,13334722.000,60311,1,EA,1,100,1.401539
1764109682.144416,13334788.500,60327,2,EA,1,100,1.400974
1764109682.210919,13334855.000,60327,2,EA,1,100,1.399002
1764109682.277921,13334922.000,60343,1,EA,1,100,1.400974
1764109682.344924,13334989.000,60360,2,EA,1,100,1.401820
1764109682.411927,13335056.000,60360,2,EA,1,100,1.400693
1764109682.477930,13335122.000,60376,1,EA,1,100,1.400129
1764109682.544433,13335188.500,60392,2,EA,1,100,1.399849
1764109682.610936,13335255.000,60392,2,EA,1,100,1.397598
1764109682.677939,13335322.000,60408,1,EA,1,100,1.397039
1764109682.744442,13335388.500,60427,2,EA,1,100,1.395356
1764109682.810945,13335455.000,60427,2,EA,1,100,1.394240
1764109682.877948,13335522.000,60444,1,EA,1,100,1.393123
1764109682.944450,13335588.500,60459,2,EA,1,100,1.392287
1764109683.010953,13335655.000,60459,2,EA,1,100,1.390896
1764109683.077956,13335722.000,60475,1,EA,1,100,1.391452
1764109683.144459,13335788.500,60493,2,EA,1,100,1.390063
1764109683.210962,13335855.000,60493,2,EA,1,100,1.389228
1764109683.277965,13335922.000,60509,1,EA,1,100,1.388676
1764109683.344468,13335988.500,60525,2,EA,1,100,1.387014
1764109683.410971,13336055.000,60525,2,EA,1,100,1.386186
1764109683.477974,13336122.000,60540,1,EA,1,100,1.385633
1764109683.544643,13336188.667,60565,3,EA,1,100,1.383430
1764109683.611313,13336255.333,60565,3,EA,1,100,1.382606
1764109683.677982,13336322.000,60565,3,EA,1,100,1.381783
1764109683.744985,13336389.000,60581,1,EA,1,100,1.381508
1764109683.811488,13336455.500,60599,2,EA,1,100,1.380413
1764109683.877991,13336522.000,60599,2,EA,1,100,1.379318
1764109683.944994,13336589.000,60615,1,EA,1,100,1.379318
1764109684.011497,13336655.500,60631,2,EA,1,100,1.379318
1764109684.078000,13336722.000,60631,2,EA,1,100,1.379045
1764109684.144503,13336788.500,60647,2,EA,1,100,1.378771
1764109684.211005,13336855.000,60647,2,EA,1,100,1.377135
1764109684.278008,13336922.000,60664,1,EA,1,100,1.376318
1764109684.344511,13336988.500,60680,2,EA,1,100,1.375500
1764109684.411014,13337055.000,60680,2,EA,1,100,1.374959
1764109684.478017,13337122.000,60699,1,EA,1,100,1.373872
1764109684.544520,13337188.500,60714,2,EA,1,100,1.373602
1764109684.611023,13337255.000,60714,2,EA,1,100,1.372248
1764109684.678026,13337322.000,60731,1,EA,1,100,1.370625
1764109684.744529,13337388.500,60747,2,EA,1,100,1.370625
1764109684.811032,13337455.000,60747,2,EA,1,100,1.370085
1764109684.878035,13337522.000,60765,1,EA,1,100,1.369816
1764109684.944537,13337588.500,60781,2,EA,1,100,1.368737
1764109685.011040,13337655.000,60781,2,EA,1,100,1.367393
1764109685.078043,13337722.000,60798,1,EA,1,100,1.365784
1764109685.144546,13337788.500,60815,2,EA,1,100,1.364445
1764109685.211049,13337855.000,60815,2,EA,1,100,1.361510
1764109685.278052,13337922.000,60832,1,EA,1,100,1.358321
1764109685.344555,13337988.500,60846,2,EA,1,100,1.360179
1764109685.411058,13338055.000,60846,2,EA,1,100,1.358851
1764109685.478061,13338122.000,60863,1,EA,1,100,1.360179
1764109685.544564,13338188.500,60880,2,EA,1,100,1.366051
1764109685.611066,13338255.000,60880,2,EA,1,100,1.363109
1764109685.678069,13338322.000,60897,1,EA,1,100,1.362309
1764109685.744572,13338388.500,60911,2,EA,1,100,1.380413
1764109685.811075,13338455.000,60911,2,EA,1,100,1.384532
1764109685.878078,13338522.000,60931,1,EA,1,100,1.385633
1764109685.944581,13338588.500,60947,2,EA,1,100,1.389507
1764109686.011084,13338655.000,60947,2,EA,1,100,1.392007
1764109686.078087,13338722.000,60964,1,EA,1,100,1.389784
1764109686.144590,13338788.500,60980,2,EA,1,100,1.390896
1764109686.211092,13338855.000,60980,2,EA,1,100,1.393959
1764109686.278095,13338922.000,60996,1,EA,1,100,1.393959
1764109686.344598,13338988.500,61014,2,EA,1,100,1.392845
1764109686.411101,13339055.000,61014,2,EA,1,100,1.395638
1764109686.478104,13339122.000,61033,1,EA,1,100,1.386461
1764109686.544607,13339188.500,61049,2,EA,1,100,1.366858
1764109686.611110,13339255.000,61049,2,EA,1,100,1.352775
1764109686.677613,13339321.500,61065,2,EA,1,100,1.343375
1764109686.744116,13339388.000,61065,2,EA,1,100,1.330788
1764109686.811119,13339455.000,61081,1,EA,1,100,1.324710
1764109686.877621,13339521.500,61101,2,EA,1,100,1.329517
1764109686.944124,13339588.000,61101,2,EA,1,100,1.344414
1764109687.011127,13339655.000,61119,1,EA,1,100,1.357260
1764109687.077630,13339721.500,61134,2,EA,1,100,1.369816
1764109687.144133,13339788.000,61134,2,EA,1,100,1.372787
1764109687.211136,13339855.000,61151,1,EA,1,100,1.373872
1764109687.277639,13339921.500,61168,2,EA,1,100,1.372248
1764109687.344142,13339988.000,61168,2,EA,1,100,1.371165
1764109687.411145,13340055.000,61184,1,EA,1,100,1.371165
1764109687.477648,13340121.500,61200,2,EA,1,100,1.371976
1764109687.544151,13340188.000,61200,2,EA,1,100,1.378499
1764109687.611153,13340255.000,61216,1,EA,1,100,1.384532
1764109687.677656,13340321.500,61233,2,EA,1,100,1.392845
1764109687.744159,13340388.000,61233,2,EA,1,100,1.399285
1764109687.811162,13340455.000,61249,1,EA,1,100,1.402670
1764109687.877665,13340521.500,61265,2,EA,1,100,1.407207
1764109687.944168,13340588.000,61265,2,EA,1,100,1.409202
1764109688.011171,13340655.000,61281,1,EA,1,100,1.411487
1764109688.077674,13340721.500,61298,2,EA,1,100,1.413781
1764109688.144176,13340788.000,61298,2,EA,1,100,1.415508
1764109688.211179,13340855.000,61317,1,EA,1,100,1.416659
1764109688.277682,13340921.500,61332,2,EA,1,100,1.417236
1764109688.344185,13340988.000,61332,2,EA,1,100,1.418393
1764109688.411188,13341055.000,61348,1,EA,1,100,1.419260
1764109688.477691,13341121.500,61366,2,EA,1,100,1.420417
1764109688.544194,13341188.000,61366,2,EA,1,100,1.418969
1764109688.611197,13341255.000,61382,1,EA,1,100,1.415508
1764109688.677866,13341321.667,61403,3,EA,1,100,1.417814
1764109688.744536,13341388.333,61403,3,EA,1,100,1.420128
1764109688.811206,13341455.000,61403,3,EA,1,100,1.422160
1764109688.878208,13341522.000,61420,1,EA,1,100,1.422449
1764109688.944711,13341588.500,61435,2,EA,1,100,1.422742
1764109689.011214,13341655.000,61435,2,EA,1,100,1.421578
1764109689.077217,13341721.000,61453,1,EA,1,100,1.421578
1764109689.144220,13341788.000,61471,2,EA,1,100,1.421578
1764109689.211223,13341855.000,61471,2,EA,1,100,1.420417
1764109689.277226,13341921.000,61487,1,EA,1,100,1.417236
1764109689.344229,13341988.000,61502,2,EA,1,100,1.412346
1764109689.411232,13342055.000,61502,2,EA,1,100,1.407207
1764109689.477235,13342121.000,61518,1,EA,1,100,1.405785
1764109689.544237,13342188.000,61536,2,EA,1,100,1.406068
1764109689.611240,13342255.000,61536,2,EA,1,100,1.406923
1764109689.677243,13342321.000,61552,1,EA,1,100,1.406354
1764109689.744246,13342388.000,61568,2,EA,1,100,1.406923
1764109689.811249,13342455.000,61568,2,EA,1,100,1.407207
1764109689.878252,13342522.000,61584,1,EA,1,100,1.408347
1764109689.944755,13342588.500,61601,2,EA,1,100,1.407776
1764109690.011258,13342655.000,61601,2,EA,1,100,1.408631
1764109690.078261,13342722.000,61617,1,EA,1,100,1.408631
1764109690.144763,13342788.500,61637,2,EA,1,100,1.408631
1764109690.211267,13342855.000,61637,2,EA,1,100,1.407490
1764109690.277769,13342921.500,61651,2,EA,1,100,1.407776
1764109690.344272,13342988.000,61651,2,EA,1,100,1.407207
1764109690.411275,13343055.000,61668,1,EA,1,100,1.406637
1764109690.477778,13343121.500,61685,2,EA,1,100,1.404649
1764109690.544281,13343188.000,61685,2,EA,1,100,1.404649
1764109690.611284,13343255.000,61702,1,EA,1,100,1.407776
1764109690.677787,13343321.500,61716,2,EA,1,100,1.410058
1764109690.744290,13343388.000,61716,2,EA,1,100,1.410058
1764109690.811293,13343455.000,61735,1,EA,1,100,1.409202
1764109690.877795,13343521.500,61752,2,EA,1,100,1.408631
1764109690.944298,13343588.000,61752,2,EA,1,100,1.408347
1764109691.011301,13343655.000,61769,1,EA,1,100,1.407490
1764109691.077804,13343721.500,61783,2,EA,1,100,1.407207
1764109691.144307,13343788.000,61783,2,EA,1,100,1.406354
1764109691.211310,13343855.000,61801,1,EA,1,100,1.406068
1764109691.277813,13343921.500,61817,2,EA,1,100,1.404367
1764109691.344316,13343988.000,61817,2,EA,1,100,1.402951
1764109691.411319,13344055.000,61834,1,EA,1,100,1.402104
1764109691.477822,13344121.500,61849,2,EA,1,100,1.400974
1764109691.544324,13344188.000,61849,2,EA,1,100,1.400129
1764109691.611327,13344255.000,61868,1,EA,1,100,1.399565
1764109691.677830,13344321.500,61884,2,EA,1,100,1.397318
1764109691.744333,13344388.000,61884,2,EA,1,100,1.397318
1764109691.811336,13344455.000,61901,1,EA,1,100,1.396757
1764109691.877839,13344521.500,61919,2,EA,1,100,1.395078
1764109691.944342,13344588.000,61919,2,EA,1,100,1.395078
1764109692.011345,13344655.000,61935,1,EA,1,100,1.394518
1764109692.077848,13344721.500,61951,2,EA,1,100,1.394518
1764109692.144351,13344788.000,61951,2,EA,1,100,1.393959
1764109692.210853,13344854.500,61969,2,EA,1,100,1.393123
1764109692.277356,13344921.000,61969,2,EA,1,100,1.391730
1764109692.344359,13344988.000,61985,1,EA,1,100,1.391173
1764109692.410862,13345054.500,62000,2,EA,1,100,1.391173
1764109692.477365,13345121.000,62000,2,EA,1,100,1.390340
1764109692.544368,13345188.000,62017,1,EA,1,100,1.390063
1764109692.610871,13345254.500,62034,2,EA,1,100,1.389228
1764109692.677374,13345321.000,62034,2,EA,1,100,1.388952
1764109692.744377,13345388.000,62050,1,EA,1,100,1.387843
1764109692.810879,13345454.500,62066,2,EA,1,100,1.387568
1764109692.877383,13345521.000,62066,2,EA,1,100,1.387292
1764109692.944385,13345588.000,62082,1,EA,1,100,1.386186
1764109693.010888,13345654.500,62099,2,EA,1,100,1.385633
1764109693.077391,13345721.000,62099,2,EA,1,100,1.385633
1764109693.144394,13345788.000,62115,1,EA,1,100,1.384532
1764109693.210897,13345854.500,62133,2,EA,1,100,1.383981
1764109693.277400,13345921.000,62133,2,EA,1,100,1.383156
1764109693.344403,13345988.000,62149,1,EA,1,100,1.383156
1764109693.410906,13346054.500,62166,2,EA,1,100,1.382057
1764109693.477408,13346121.000,62166,2,EA,1,100,1.382330
1764109693.544411,13346188.000,62183,1,EA,1,100,1.382880
1764109693.610914,13346254.500,62198,2,EA,1,100,1.382880
1764109693.677417,13346321.000,62198,2,EA,1,100,1.382330
1764109693.744420,13346388.000,62214,1,EA,1,100,1.381783
1764109693.810923,13346454.500,62239,2,EA,1,100,1.380686
1764109693.877426,13346521.000,62239,2,EA,1,100,1.380959
1764109693.943929,13346587.500,62255,2,EA,1,100,1.380686
1764109694.010432,13346654.000,62255,2,EA,1,100,1.380959
1764109694.077435,13346721.000,62274,2,EA,1,100,1.380686
1764109694.144438,13346788.000,62274,2,EA,1,100,1.379590
1764109694.210440,13346854.000,62291,1,EA,1,100,1.379865
1764109694.277443,13346921.000,62306,2,EA,1,100,1.380413
1764109694.344446,13346988.000,62306,2,EA,1,100,1.381508
1764109694.410449,13347054.000,62322,1,EA,1,100,1.382057
1764109694.477452,13347121.000,62340,2,EA,1,100,1.383704
1764109694.544455,13347188.000,62340,2,EA,1,100,1.384807
1764109694.610458,13347254.000,62356,1,EA,1,100,1.385358
1764109694.677461,13347321.000,62371,2,EA,1,100,1.386739
1764109694.744464,13347388.000,62371,2,EA,1,100,1.387292
1764109694.810467,13347454.000,62389,1,EA,1,100,1.388676
1764109694.877469,13347521.000,62407,2,EA,1,100,1.389507
1764109694.944472,13347588.000,62407,2,EA,1,100,1.390616
1764109695.010475,13347654.000,62423,1,EA,1,100,1.391173
1764109695.077478,13347721.000,62438,2,EA,1,100,1.392007
1764109695.144481,13347788.000,62438,2,EA,1,100,1.393123
1764109695.210484,13347854.000,62455,1,EA,1,100,1.393400
1764109695.276987,13347920.500,62472,2,EA,1,100,1.394240
1764109695.343490,13347987.000,62472,2,EA,1,100,1.395078
1764109695.410493,13348054.000,62488,1,EA,1,100,1.395917
1764109695.477495,13348121.000,62506,2,EA,1,100,1.396757
1764109695.544498,13348188.000,62506,2,EA,1,100,1.395917
1764109695.610501,13348254.000,62522,1,EA,1,100,1.397318
1764109695.677004,13348320.500,62539,2,EA,1,100,1.397318
1764109695.743507,13348387.000,62539,2,EA,1,100,1.397318
1764109695.810510,13348454.000,62555,1,EA,1,100,1.398160
1764109695.877013,13348520.500,62571,2,EA,1,100,1.398722
1764109695.943516,13348587.000,62571,2,EA,1,100,1.398160
1764109696.010519,13348654.000,62587,1,EA,1,100,1.397318
1764109696.077022,13348720.500,62604,2,EA,1,100,1.398160
1764109696.143524,13348787.000,62604,2,EA,1,100,1.398722
1764109696.210527,13348854.000,62621,1,EA,1,100,1.398442
1764109696.277030,13348920.500,62639,2,EA,1,100,1.398722
1764109696.343533,13348987.000,62639,2,EA,1,100,1.399002
1764109696.410536,13349054.000,62654,2,EA,1,100,1.399849
1764109696.477539,13349121.000,62654,2,EA,1,100,1.400129
1764109696.543542,13349187.000,62672,1,EA,1,100,1.400410
1764109696.610545,13349254.000,62688,2,EA,1,100,1.400974
1764109696.677548,13349321.000,62688,2,EA,1,100,1.401258
1764109696.743551,13349387.000,62705,1,EA,1,100,1.402386
1764109696.810554,13349454.000,62720,2,EA,1,100,1.402951
1764109696.877556,13349521.000,62720,2,EA,1,100,1.402951
1764109696.943559,13349587.000,62739,1,EA,1,100,1.402951
1764109697.010562,13349654.000,62755,2,EA,1,100,1.403233
1764109697.077565,13349721.000,62755,2,EA,1,100,1.403800
1764109697.143568,13349787.000,62774,1,EA,1,100,1.404367
1764109697.210571,13349854.000,62789,2,EA,1,100,1.404935
1764109697.277574,13349921.000,62789,2,EA,1,100,1.404649
1764109697.343577,13349987.000,62806,1,EA,1,100,1.405785
1764109697.410579,13350054.000,62822,2,EA,1,100,1.406068
1764109697.477582,13350121.000,62822,2,EA,1,100,1.406354
1764109697.543585,13350187.000,62840,1,EA,1,100,1.406923
1764109697.610588,13350254.000,62854,2,EA,1,100,1.406923
1764109697.677591,13350321.000,62854,2,EA,1,100,1.406637
1764109697.743594,13350387.000,62871,1,EA,1,100,1.406637
1764109697.810597,13350454.000,62888,2,EA,1,100,1.406637
1764109697.877600,13350521.000,62888,2,EA,1,100,1.406637
1764109697.943603,13350587.000,62905,1,EA,1,100,1.406923
1764109698.010606,13350654.000,62919,2,EA,1,100,1.407207
1764109698.077609,13350721.000,62919,2,EA,1,100,1.407490
1764109698.143611,13350787.000,62936,1,EA,1,100,1.408060
1764109698.210614,13350854.000,62955,2,EA,1,100,1.407490
1764109698.277617,13350921.000,62955,2,EA,1,100,1.407207
1764109698.343620,13350987.000,62972,1,EA,1,100,1.407207
1764109698.410623,13351054.000,62987,2,EA,1,100,1.408347
1764109698.477626,13351121.000,62987,2,EA,1,100,1.408631
1764109698.543629,13351187.000,63004,1,EA,1,100,1.409202
1764109698.610132,13351253.500,63020,2,EA,1,100,1.409773
1764109698.676635,13351320.000,63020,2,EA,1,100,1.410058
1764109698.743638,13351387.000,63037,2,EA,1,100,1.410058
1764109698.810640,13351454.000,63037,2,EA,1,100,1.410630
1764109698.876643,13351520.000,63054,1,EA,1,100,1.410915
1764109698.943646,13351587.000,63074,2,EA,1,100,1.410058
1764109699.010649,13351654.000,63074,2,EA,1,100,1.408631
1764109699.077152,13351720.500,63090,2,EA,1,100,1.408631
1764109699.143655,13351787.000,63090,2,EA,1,100,1.408060
1764109699.210658,13351854.000,63107,1,EA,1,100,1.408631
1764109699.277161,13351920.500,63123,2,EA,1,100,1.408347
1764109699.343664,13351987.000,63123,2,EA,1,100,1.408915
1764109699.410666,13352054.000,63140,1,EA,1,100,1.410058
1764109699.477169,13352120.500,63156,2,EA,1,100,1.410342
1764109699.543672,13352187.000,63156,2,EA,1,100,1.410058
1764109699.610175,13352253.500,63172,2,EA,1,100,1.409773
1764109699.676678,13352320.000,63172,2,EA,1,100,1.408915
1764109699.743681,13352387.000,63188,1,EA,1,100,1.408915
1764109699.810184,13352453.500,63206,2,EA,1,100,1.408631
1764109699.876687,13352520.000,63206,2,EA,1,100,1.408915
1764109699.943690,13352587.000,63222,1,EA,1,100,1.408915
1764109700.010193,13352653.500,63237,2,EA,1,100,1.408631
1764109700.076695,13352720.000,63237,2,EA,1,100,1.406923
1764109700.143698,13352787.000,63253,1,EA,1,100,1.406068
1764109700.210201,13352853.500,63273,2,EA,1,100,1.405217
1764109700.276704,13352920.000,63273,2,EA,1,100,1.403233
1764109700.343707,13352987.000,63289,1,EA,1,100,1.402670
1764109700.410210,13353053.500,63304,2,EA,1,100,1.402104
1764109700.476713,13353120.000,63304,2,EA,1,100,1.401539
1764109700.543716,13353187.000,63323,1,EA,1,100,1.400693
1764109700.610219,13353253.500,63340,2,EA,1,100,1.395356
1764109700.676722,13353320.000,63340,2,EA,1,100,1.394518
1764109700.743725,13353387.000,63356,1,EA,1,100,1.393681
1764109700.810227,13353453.500,63372,2,EA,1,100,1.394518
1764109700.876730,13353520.000,63372,2,EA,1,100,1.402951
1764109700.943733,13353587.000,63388,1,EA,1,100,1.410915
1764109701.010236,13353653.500,63405,2,EA,1,100,1.417236
1764109701.076739,13353720.000,63405,2,EA,1,100,1.423321
1764109701.143742,13353787.000,63421,1,EA,1,100,1.425947
1764109701.210245,13353853.500,63438,2,EA,1,100,1.427410
1764109701.276748,13353920.000,63438,2,EA,1,100,1.430636
1764109701.343750,13353987.000,63455,1,EA,1,100,1.423614
1764109701.410254,13354053.500,63472,2,EA,1,100,1.420997
1764109701.476756,13354120.000,63472,2,EA,1,100,1.420128
1764109701.543759,13354187.000,63489,1,EA,1,100,1.414642
1764109701.610262,13354253.500,63505,2,EA,1,100,1.409202
1764109701.676765,13354320.000,63505,2,EA,1,100,1.407207
1764109701.743768,13354387.000,63520,2,EA,1,100,1.412061
1764109701.810771,13354454.000,63520,2,EA,1,100,1.416081
1764109701.876774,13354520.000,63538,1,EA,1,100,1.393123
1764109701.943277,13354586.500,63556,2,EA,1,100,1.333849
1764109702.009779,13354653.000,63556,2,EA,1,100,1.271933
1764109702.076782,13354720.000,63573,1,EA,1,100,1.191778
1764109702.143285,13354786.500,63588,2,EA,1,100,1.172701
1764109702.209788,13354853.000,63588,2,EA,1,100,1.162710
1764109702.276791,13354920.000,63605,1,EA,1,100,1.149270
1764109702.343794,13354987.000,63621,2,EA,1,100,1.143605
1764109702.410797,13355054.000,63621,2,EA,1,100,1.144545
1764109702.476800,13355120.000,63638,1,EA,1,100,1.144545
1764109702.543303,13355186.500,63653,2,EA,1,100,1.144733
1764109702.609806,13355253.000,63653,2,EA,1,100,1.155376
1764109702.676809,13355320.000,63670,1,EA,1,100,1.194439
1764109702.743311,13355386.500,63686,2,EA,1,100,1.292962
1764109702.809814,13355453.000,63686,2,EA,1,100,1.345973
1764109702.876817,13355520.000,63704,1,EA,1,100,1.360977
1764109702.943320,13355586.500,63718,2,EA,1,100,1.369547
1764109703.009823,13355653.000,63718,2,EA,1,100,1.372787
1764109703.076826,13355720.000,63735,1,EA,1,100,1.372248
1764109703.143329,13355786.500,63754,2,EA,1,100,1.348059
1764109703.209832,13355853.000,63754,2,EA,1,100,1.320437
1764109703.276835,13355920.000,63771,1,EA,1,100,1.318936
1764109703.343338,13355986.500,63786,2,EA,1,100,1.319935
1764109703.409840,13356053.000,63786,2,EA,1,100,1.317189
1764109703.476843,13356120.000,63802,1,EA,1,100,1.334873
1764109703.543346,13356186.500,63819,2,EA,1,100,1.340530
1764109703.609849,13356253.000,63819,2,EA,1,100,1.341822
1764109703.676852,13356320.000,63836,2,EA,1,100,1.360977
1764109703.743855,13356387.000,63836,2,EA,1,100,1.378224
1764109703.809858,13356453.000,63852,1,EA,1,100,1.372517
1764109703.876861,13356520.000,63870,2,EA,1,100,1.337953
1764109703.943864,13356587.000,63870,2,EA,1,100,1.296818
1764109704.009866,13356653.000,63886,1,EA,1,100,1.291282
1764109704.076869,13356720.000,63908,2,EA,1,100,1.249777
1764109704.143872,13356787.000,63908,2,EA,1,100,1.141167
1764109704.210375,13356853.500,63925,2,EA,1,100,1.105986
1764109704.276878,13356920.000,63925,2,EA,1,100,1.118067
1764109704.343881,13356987.000,63944,1,EA,1,100,1.164462
1764109704.410384,13357053.500,63958,2,EA,1,100,1.200412
1764109704.476887,13357120.000,63958,2,EA,1,100,1.243525
1764109704.543890,13357187.000,63976,1,EA,1,100,1.271003
1764109704.610393,13357253.500,63992,2,EA,1,100,1.277771
1764109704.676895,13357320.000,63992,2,EA,1,100,1.281062
1764109704.743898,13357387.000,64011,1,EA,1,100,1.278474
1764109704.810401,13357453.500,64026,2,EA,1,100,1.276832
1764109704.876904,13357520.000,64026,2,EA,1,100,1.280121
1764109704.943907,13357587.000,64043,1,EA,1,100,1.307784
1764109705.010410,13357653.500,64059,2,EA,1,100,1.343895
1764109705.076913,13357720.000,64059,2,EA,1,100,1.349365
1764109705.143916,13357787.000,64076,1,EA,1,100,1.351725
1764109705.210419,13357853.500,64092,2,EA,1,100,1.354618
1764109705.276922,13357920.000,64092,2,EA,1,100,1.358321
1764109705.343925,13357987.000,64108,1,EA,1,100,1.366858
1764109705.410427,13358053.500,64126,2,EA,1,100,1.370625
1764109705.476930,13358120.000,64126,2,EA,1,100,1.352251
1764109705.543433,13358186.500,64144,2,EA,1,100,1.136509
1764109705.609936,13358253.000,64144,2,EA,1,100,0.881895
1764109705.676939,13358320.000,64160,1,EA,1,100,0.845778
1764109705.743442,13358386.500,64177,2,EA,1,100,0.882230
1764109705.809945,13358453.000,64177,2,EA,1,100,0.903298
1764109705.876948,13358520.000,64194,1,EA,1,100,0.915900
1764109705.943451,13358586.500,64211,2,EA,1,100,0.927619
1764109706.009953,13358653.000,64211,2,EA,1,100,0.931592
1764109706.076956,13358720.000,64227,1,EA,1,100,0.937743
1764109706.143459,13358786.500,64243,2,EA,1,100,0.948477
1764109706.209962,13358853.000,64243,2,EA,1,100,0.985408
1764109706.276965,13358920.000,64259,1,EA,1,100,1.009566
1764109706.343468,13358986.500,64276,2,EA,1,100,1.043471
1764109706.409971,13359053.000,64276,2,EA,1,100,1.086985
1764109706.476974,13359120.000,64292,1,EA,1,100,1.124936
1764109706.543477,13359186.500,64310,2,EA,1,100,1.174880
1764109706.609980,13359253.000,64310,2,EA,1,100,1.248656
1764109706.676982,13359320.000,64326,1,EA,1,100,1.306309
1764109706.743485,13359386.500,64343,2,EA,1,100,1.332061
1764109706.809988,13359453.000,64343,2,EA,1,100,1.354883
1764109706.876991,13359520.000,64360,1,EA,1,100,1.381783
1764109706.943494,13359586.500,64377,2,EA,1,100,1.404935
1764109707.009997,13359653.000,64377,2,EA,1,100,1.415794
1764109707.077000,13359720.000,64393,1,EA,1,100,1.426532
1764109707.143503,13359786.500,64413,2,EA,1,100,1.435359
1764109707.210006,13359853.000,64413,2,EA,1,100,1.439217
1764109707.277009,13359920.000,64429,1,EA,1,100,1.440409
1764109707.343511,13359986.500,64447,2,EA,1,100,1.445194
1764109707.410014,13360053.000,64447,2,EA,1,100,1.452735
1764109707.477017,13360120.000,64462,1,EA,1,100,1.461275
1764109707.543520,13360186.500,64480,2,EA,1,100,1.473652
1764109707.610023,13360253.000,64480,2,EA,1,100,1.482758
1764109707.676526,13360319.500,64496,2,EA,1,100,1.491974
1764109707.743029,13360386.000,64496,2,EA,1,100,1.507160
1764109707.810032,13360453.000,64513,1,EA,1,100,1.521992
1764109707.876535,13360519.500,64528,2,EA,1,100,1.527338
1764109707.943038,13360586.000,64528,2,EA,1,100,1.532719
1764109708.010041,13360653.000,64545,1,EA,1,100,1.539499
1764109708.076543,13360719.500,64561,2,EA,1,100,1.546340
1764109708.143046,13360786.000,64561,2,EA,1,100,1.546340
1764109708.210049,13360853.000,64579,1,EA,1,100,1.548750
1764109708.276552,13360919.500,64593,2,EA,1,100,1.553588
1764109708.343055,13360986.000,64593,2,EA,1,100,1.554978
1764109708.410058,13361053.000,64610,1,EA,1,100,1.554283
1764109708.476561,13361119.500,64627,2,EA,1,100,1.551167
1764109708.543064,13361186.000,64627,2,EA,1,100,1.550128
1764109708.610066,13361253.000,64644,1,EA,1,100,1.549784
1764109708.676569,13361319.500,64660,2,EA,1,100,1.549440
1764109708.743072,13361386.000,64660,2,EA,1,100,1.547717
1764109708.810075,13361453.000,64677,1,EA,1,100,1.545998
1764109708.876578,13361519.500,64694,2,EA,1,100,1.544283
1764109708.943081,13361586.000,64694,2,EA,1,100,1.543253
1764109709.010084,13361653.000,64711,1,EA,1,100,1.540182
1764109709.076587,13361719.500,64725,2,EA,1,100,1.536439
1764109709.143090,13361786.000,64725,2,EA,1,100,1.536102
1764109709.209593,13361852.500,64746,2,EA,1,100,1.535423
1764109709.276095,13361919.000,64746,2,EA,1,100,1.529685
1764109709.343098,13361986.000,64762,2,EA,1,100,1.524659
1764109709.410101,13362053.000,64762,2,EA,1,100,1.519665
1764109709.476104,13362119.000,64781,1,EA,1,100,1.515364
1764109709.543107,13362186.000,64798,2,EA,1,100,1.512730
1764109709.610110,13362253.000,64798,2,EA,1,100,1.510105
1764109709.676113,13362319.000,64815,1,EA,1,100,1.506835
1764109709.743116,13362386.000,64829,2,EA,1,100,1.507160
1764109709.810119,13362453.000,64829,2,EA,1,100,1.508139
1764109709.876122,13362519.000,64847,1,EA,1,100,1.507814
1764109709.943125,13362586.000,64863,2,EA,1,100,1.506507
1764109710.010127,13362653.000,64863,2,EA,1,100,1.504878
1764109710.076130,13362719.000,64880,1,EA,1,100,1.504554
1764109710.143133,13362786.000,64895,2,EA,1,100,1.502607
1764109710.210136,13362853.000,64895,2,EA,1,100,1.500338
1764109710.276139,13362919.000,64912,1,EA,1,100,1.497756
1764109710.343142,13362986.000,64930,2,EA,1,100,1.494859
1764109710.410145,13363053.000,64930,2,EA,1,100,1.492296
1764109710.476148,13363119.000,64947,1,EA,1,100,1.489420
1764109710.543151,13363186.000,64962,2,EA,1,100,1.486875
1764109710.610153,13363253.000,64962,2,EA,1,100,1.483391
1764109710.676156,13363319.000,64979,1,EA,1,100,1.481180
1764109710.743159,13363386.000,64995,2,EA,1,100,1.478976
1764109710.810162,13363453.000,64995,2,EA,1,100,1.475528
1764109710.876165,13363519.000,65013,1,EA,1,100,1.473341
1764109710.943168,13363586.000,65028,2,EA,1,100,1.472093
1764109711.010171,13363653.000,65028,2,EA,1,100,1.469607
1764109711.076174,13363719.000,65044,1,EA,1,100,1.466203
1764109711.143177,13363786.000,65061,2,EA,1,100,1.463120
1764109711.210180,13363853.000,65061,2,EA,1,100,1.460661
1764109711.276182,13363919.000,65080,1,EA,1,100,1.460051
1764109711.343185,13363986.000,65095,2,EA,1,100,1.460356
1764109711.410188,13364053.000,65095,2,EA,1,100,1.460051
1764109711.476691,13364119.500,65112,2,EA,1,100,1.458214
1764109711.543194,13364186.000,65112,2,EA,1,100,1.456384
1764109711.610197,13364253.000,65128,1,EA,1,100,1.453645
1764109711.676700,13364319.500,65145,2,EA,1,100,1.451522
1764109711.743203,13364386.000,65145,2,EA,1,100,1.450615
1764109711.810206,13364453.000,65161,1,EA,1,100,1.449105
1764109711.876709,13364519.500,65179,2,EA,1,100,1.448201
1764109711.943212,13364586.000,65179,2,EA,1,100,1.447598
1764109712.009214,13364652.000,65197,1,EA,1,100,1.446995
1764109712.076217,13364719.000,65214,2,EA,1,100,1.449709
1764109712.143220,13364786.000,65214,2,EA,1,100,1.455471
1764109712.209223,13364852.000,65231,1,EA,1,100,1.454253
1764109712.276226,13364919.000,65246,2,EA,1,100,1.453645
1764109712.343229,13364986.000,65246,2,EA,1,100,1.451522
1764109712.409232,13365052.000,65262,1,EA,1,100,1.451221
1764109712.476235,13365119.000,65280,2,EA,1,100,1.451221
1764109712.543237,13365186.000,65280,2,EA,1,100,1.451221
1764109712.609241,13365252.000,65296,1,EA,1,100,1.450010
1764109712.676243,13365319.000,65312,2,EA,1,100,1.449105
1764109712.743246,13365386.000,65312,2,EA,1,100,1.447901
1764109712.809249,13365452.000,65327,1,EA,1,100,1.447298
1764109712.876252,13365519.000,65345,2,EA,1,100,1.443993
1764109712.943255,13365586.000,65345,2,EA,1,100,1.441901
1764109713.009258,13365652.000,65361,1,EA,1,100,1.440409
1764109713.076261,13365719.000,65378,2,EA,1,100,1.438920
1764109713.143264,13365786.000,65378,2,EA,1,100,1.437136
1764109713.209767,13365852.500,65393,2,EA,1,100,1.435653
1764109713.276269,13365919.000,65393,2,EA,1,100,1.433583
1764109713.343272,13365986.000,65410,1,EA,1,100,1.430932
1764109713.409775,13366052.500,65426,2,EA,1,100,1.429462
1764109713.476278,13366119.000,65426,2,EA,1,100,1.427410
1764109713.543281,13366186.000,65444,1,EA,1,100,1.423904
1764109713.609784,13366252.500,65458,2,EA,1,100,1.422742
1764109713.676287,13366319.000,65458,2,EA,1,100,1.421289
1764109713.743290,13366386.000,65475,1,EA,1,100,1.419548
1764109713.809793,13366452.500,65492,2,EA,1,100,1.417814
1764109713.876296,13366519.000,65492,2,EA,1,100,1.416371
1764109713.943298,13366586.000,65509,1,EA,1,100,1.413781
1764109714.009801,13366652.500,65523,2,EA,1,100,1.412920
1764109714.076304,13366719.000,65523,2,EA,1,100,1.411487
1764109714.143307,13366786.000,4,1,EA,1,100,1.411487
1764109714.209810,13366852.500,21,2,EA,1,100,1.410630
1764109714.276313,13366919.000,21,2,EA,1,100,1.409486
1764109714.342816,13366985.500,45,2,EA,1,100,1.408631
1764109714.409319,13367052.000,45,2,EA,1,100,1.407207
1764109714.476322,13367119.000,61,1,EA,1,100,1.406923
1764109714.542825,13367185.500,77,2,EA,1,100,1.404367
1764109714.609327,13367252.000,77,2,EA,1,100,1.403233
1764109714.676330,13367319.000,93,1,EA,1,100,1.401539
1764109714.742833,13367385.500,110,2,EA,1,100,1.400129
1764109714.809336,13367452.000,110,2,EA,1,100,1.399285
1764109714.876339,13367519.000,127,1,EA,1,100,1.397318
1764109714.942842,13367585.500,142,2,EA,1,100,1.399849
1764109715.009345,13367652.000,142,2,EA,1,100,1.405785
1764109715.076348,13367719.000,158,1,EA,1,100,1.412061
1764109715.142851,13367785.500,176,2,EA,1,100,1.413781
1764109715.209353,13367852.000,176,2,EA,1,100,1.414932
1764109715.276356,13367919.000,192,1,EA,1,100,1.416659
1764109715.342859,13367985.500,207,2,EA,1,100,1.417524
1764109715.409362,13368052.000,207,2,EA,1,100,1.418969
1764109715.476365,13368119.000,223,1,EA,1,100,1.420128
1764109715.542868,13368185.500,241,2,EA,1,100,1.422160
1764109715.609371,13368252.000,241,2,EA,1,100,1.423032
1764109715.676374,13368319.000,257,1,EA,1,100,1.422742
1764109715.742877,13368385.500,272,2,EA,1,100,1.423032
1764109715.809380,13368452.000,272,2,EA,1,100,1.423032
1764109715.876383,13368519.000,289,1,EA,1,100,1.423032
1764109715.942885,13368585.500,308,2,EA,1,100,1.422742
1764109716.009388,13368652.000,308,2,EA,1,100,1.423321
1764109716.076391,13368719.000,324,1,EA,1,100,1.423032
1764109716.142894,13368785.500,341,2,EA,1,100,1.423032
1764109716.209397,13368852.000,341,2,EA,1,100,1.423614
1764109716.276400,13368919.000,356,1,EA,1,100,1.424488
1764109716.342903,13368985.500,373,2,EA,1,100,1.425363
1764109716.409406,13369052.000,373,2,EA,1,100,1.426824
1764109716.476408,13369119.000,389,1,EA,1,100,1.427118
1764109716.542912,13369185.500,406,2,EA,1,100,1.429462
1764109716.609414,13369252.000,406,2,EA,1,100,1.430932
1764109716.675917,13369318.500,421,2,EA,1,100,1.433289
1764109716.742420,13369385.000,421,2,EA,1,100,1.435359
1764109716.809423,13369452.000,440,1,EA,1,100,1.439513
1764109716.875926,13369518.500,459,2,EA,1,100,1.444593
1764109716.942429,13369585.000,459,2,EA,1,100,1.449105
1764109717.009432,13369652.000,476,1,EA,1,100,1.453951
1764109717.075935,13369718.500,490,2,EA,1,100,1.459743
1764109717.142437,13369785.000,490,2,EA,1,100,1.465585
1764109717.209440,13369852.000,508,1,EA,1,100,1.471783
1764109717.275943,13369918.500,524,2,EA,1,100,1.476779
1764109717.342446,13369985.000,524,2,EA,1,100,1.481494
1764109717.409449,13370052.000,541,1,EA,1,100,1.485924
1764109717.475952,13370118.500,556,2,EA,1,100,1.491016
1764109717.542455,13370185.000,556,2,EA,1,100,1.496146
1764109717.609458,13370252.000,573,1,EA,1,100,1.502280
1764109717.675961,13370318.500,589,2,EA,1,100,1.507489
1764109717.742464,13370385.000,589,2,EA,1,100,1.513057
1764109717.809467,13370452.000,606,1,EA,1,100,1.518671
1764109717.875969,13370518.500,621,2,EA,1,100,1.524995
1764109717.942472,13370585.000,621,2,EA,1,100,1.531368
1764109718.009475,13370652.000,638,1,EA,1,100,1.537119
1764109718.075978,13370718.500,654,2,EA,1,100,1.540864
1764109718.142481,13370785.000,654,2,EA,1,100,1.547029
1764109718.209484,13370852.000,672,1,EA,1,100,1.551167
1764109718.275987,13370918.500,688,2,EA,1,100,1.555674
1764109718.342490,13370985.000,688,2,EA,1,100,1.558808
1764109718.409493,13371052.000,705,1,EA,1,100,1.563712
1764109718.475996,13371118.500,722,2,EA,1,100,1.567585
1764109718.542498,13371185.000,722,2,EA,1,100,1.571481
1764109718.609501,13371252.000,741,1,EA,1,100,1.574679
1764109718.676004,13371318.500,756,2,EA,1,100,1.577537
1764109718.742507,13371385.000,756,2,EA,1,100,1.579327
1764109718.809510,13371452.000,772,1,EA,1,100,1.580041
1764109718.876013,13371518.500,789,2,EA,1,100,1.580402
1764109718.942516,13371585.000,789,2,EA,1,100,1.581479
1764109719.009019,13371651.500,806,2,EA,1,100,1.580760
1764109719.075522,13371718.000,806,2,EA,1,100,1.579684
1764109719.142524,13371785.000,822,1,EA,1,100,1.579684
1764109719.209028,13371851.500,840,2,EA,1,100,1.580041
1764109719.275530,13371918.000,840,2,EA,1,100,1.579327
1764109719.342533,13371985.000,856,1,EA,1,100,1.577893
1764109719.409036,13372051.500,878,2,EA,1,100,1.576821
1764109719.475539,13372118.000,878,2,EA,1,100,1.574679
1764109719.542542,13372185.000,895,1,EA,1,100,1.573969
1764109719.609045,13372251.500,910,2,EA,1,100,1.571124
1764109719.675548,13372318.000,910,2,EA,1,100,1.569352
1764109719.742551,13372385.000,926,1,EA,1,100,1.566527
1764109719.809053,13372451.500,944,2,EA,1,100,1.564062
1764109719.875556,13372518.000,944,2,EA,1,100,1.561608
1764109719.942559,13372585.000,960,2,EA,1,100,1.559507
1764109720.009562,13372652.000,960,2,EA,1,100,1.557064
1764109720.075565,13372718.000,977,1,EA,1,100,1.555324
1764109720.142568,13372785.000,992,2,EA,1,100,1.552897
1764109720.209571,13372852.000,992,2,EA,1,100,1.551856
1764109720.275574,13372918.000,1009,1,EA,1,100,1.551167
1764109720.342577,13372985.000,1025,2,EA,1,100,1.553937
1764109720.409580,13373052.000,1025,2,EA,1,100,1.559858
1764109720.475583,13373118.000,1042,1,EA,1,100,1.560207
1764109720.542585,13373185.000,1057,2,EA,1,100,1.558460
1764109720.609588,13373252.000,1057,2,EA,1,100,1.557414
1764109720.675591,13373318.000,1074,1,EA,1,100,1.557064
1764109720.742594,13373385.000,1090,2,EA,1,100,1.555674
1764109720.809597,13373452.000,1090,2,EA,1,100,1.553243
1764109720.875600,13373518.000,1110,1,EA,1,100,1.551511
1764109720.942603,13373585.000,1124,2,EA,1,100,1.549440
1764109721.009606,13373652.000,1124,2,EA,1,100,1.547029
1764109721.075608,13373718.000,1141,1,EA,1,100,1.544625
1764109721.142612,13373785.000,1158,2,EA,1,100,1.542228
1764109721.209615,13373852.000,1158,2,EA,1,100,1.540864
1764109721.275617,13373918.000,1175,1,EA,1,100,1.539160
1764109721.342620,13373985.000,1189,2,EA,1,100,1.537119
1764109721.409623,13374052.000,1189,2,EA,1,100,1.534745
1764109721.475626,13374118.000,1206,1,EA,1,100,1.533731
1764109721.542629,13374185.000,1223,2,EA,1,100,1.532382
1764109721.609632,13374252.000,1223,2,EA,1,100,1.531033
1764109721.675635,13374318.000,1240,1,EA,1,100,1.531033
1764109721.742138,13374384.500,1255,2,EA,1,100,1.530697
1764109721.808640,13374451.000,1255,2,EA,1,100,1.529351
1764109721.875643,13374518.000,1274,1,EA,1,100,1.528678
1764109721.942146,13374584.500,1292,2,EA,1,100,1.527672
1764109722.008649,13374651.000,1292,2,EA,1,100,1.527001
1764109722.075652,13374718.000,1309,2,EA,1,100,1.526331
1764109722.142655,13374785.000,1309,2,EA,1,100,1.526331
1764109722.208658,13374851.000,1326,1,EA,1,100,1.524326
1764109722.275661,13374918.000,1341,2,EA,1,100,1.524326
1764109722.342664,13374985.000,1341,2,EA,1,100,1.522659
1764109722.408667,13375051.000,1357,1,EA,1,100,1.522659
1764109722.475669,13375118.000,1375,2,EA,1,100,1.521660
1764109722.542672,13375185.000,1375,2,EA,1,100,1.521660
1764109722.608675,13375251.000,1391,1,EA,1,100,1.520995
1764109722.675678,13375318.000,1406,2,EA,1,100,1.521326
1764109722.742681,13375385.000,1406,2,EA,1,100,1.522327
1764109722.808684,13375451.000,1424,1,EA,1,100,1.522327
1764109722.875687,13375518.000,1442,2,EA,1,100,1.522991
1764109722.942690,13375585.000,1442,2,EA,1,100,1.525328
1764109723.008693,13375651.000,1458,1,EA,1,100,1.529685
1764109723.075696,13375718.000,1473,2,EA,1,100,1.534071
1764109723.142699,13375785.000,1473,2,EA,1,100,1.538137
1764109723.208701,13375851.000,1490,1,EA,1,100,1.545998
1764109723.275704,13375918.000,1507,2,EA,1,100,1.551511
1764109723.342707,13375985.000,1507,2,EA,1,100,1.557414
1764109723.408710,13376051.000,1525,1,EA,1,100,1.563362
1764109723.475713,13376118.000,1541,2,EA,1,100,1.570418
1764109723.542716,13376185.000,1541,2,EA,1,100,1.576462
1764109723.608719,13376251.000,1557,1,EA,1,100,1.583999
1764109723.675722,13376318.000,1574,2,EA,1,100,1.591605
1764109723.742725,13376385.000,1574,2,EA,1,100,1.598552
1764109723.808728,13376451.000,1590,1,EA,1,100,1.605556
1764109723.875730,13376518.000,1607,2,EA,1,100,1.612999
1764109723.942733,13376585.000,1607,2,EA,1,100,1.620510
1764109724.008736,13376651.000,1624,1,EA,1,100,1.628475
1764109724.075739,13376718.000,1641,2,EA,1,100,1.636515
1764109724.142742,13376785.000,1641,2,EA,1,100,1.644638
1764109724.208745,13376851.000,1658,1,EA,1,100,1.651663
1764109724.275748,13376918.000,1674,2,EA,1,100,1.659142
1764109724.342751,13376985.000,1674,2,EA,1,100,1.665096
1764109724.409254,13377051.500,1689,2,EA,1,100,1.671897
1764109724.475756,13377118.000,1689,2,EA,1,100,1.678753
1764109724.542759,13377185.000,1712,1,EA,1,100,1.685666
1764109724.609262,13377251.500,1730,2,EA,1,100,1.689759
1764109724.675765,13377318.000,1730,2,EA,1,100,1.691399
1764109724.742768,13377385.000,1747,1,EA,1,100,1.690990
1764109724.809271,13377451.500,1762,2,EA,1,100,1.691399
1764109724.875774,13377518.000,1762,2,EA,1,100,1.693872
1764109724.942777,13377585.000,1779,1,EA,1,100,1.696347
1764109725.009280,13377651.500,1795,2,EA,1,100,1.698417
1764109725.075783,13377718.000,1795,2,EA,1,100,1.702572
1764109725.141785,13377784.000,1812,1,EA,1,100,1.704241
1764109725.208788,13377851.000,1827,2,EA,1,100,1.708425
1764109725.275791,13377918.000,1827,2,EA,1,100,1.710524
1764109725.342794,13377985.000,1844,1,EA,1,100,1.711786
1764109725.409297,13378051.500,1860,2,EA,1,100,1.712205
1764109725.475800,13378118.000,1860,2,EA,1,100,1.711786
1764109725.541803,13378184.000,1878,1,EA,1,100,1.709683
1764109725.608806,13378251.000,1892,2,EA,1,100,1.708425
1764109725.675809,13378318.000,1892,2,EA,1,100,1.704657
1764109725.741812,13378384.000,1911,1,EA,1,100,1.702572
1764109725.808814,13378451.000,1928,2,EA,1,100,1.700492
1764109725.875817,13378518.000,1928,2,EA,1,100,1.697588
1764109725.941820,13378584.000,1945,1,EA,1,100,1.695108
1764109726.008823,13378651.000,1959,2,EA,1,100,1.693457
1764109726.075826,13378718.000,1959,2,EA,1,100,1.689759
1764109726.141829,13378784.000,1976,1,EA,1,100,1.687299
1764109726.208832,13378851.000,1993,2,EA,1,100,1.684033
1764109726.275835,13378918.000,1993,2,EA,1,100,1.680781
1764109726.342838,13378985.000,2010,1,EA,1,100,1.677134
1764109726.409341,13379051.500,2025,2,EA,1,100,1.672701
1764109726.475843,13379118.000,2025,2,EA,1,100,1.669089
1764109726.542846,13379185.000,2042,1,EA,1,100,1.664699
1764109726.609349,13379251.500,2058,2,EA,1,100,1.661122
1764109726.675852,13379318.000,2058,2,EA,1,100,1.658354
1764109726.742355,13379384.500,2077,2,EA,1,100,1.655592
1764109726.808858,13379451.000,2077,2,EA,1,100,1.651663
1764109726.875861,13379518.000,2094,1,EA,1,100,1.647360
1764109726.942364,13379584.500,2111,2,EA,1,100,1.644248
1764109727.008867,13379651.000,2111,2,EA,1,100,1.639598
1764109727.075870,13379718.000,2127,1,EA,1,100,1.637286
1764109727.142372,13379784.500,2145,2,EA,1,100,1.633443
1764109727.208875,13379851.000,2145,2,EA,1,100,1.629618
1764109727.275878,13379918.000,2161,1,EA,1,100,1.626190
1764109727.342381,13379984.500,2176,2,EA,1,100,1.623156
1764109727.408884,13380051.000,2176,2,EA,1,100,1.619759
1764109727.475887,13380118.000,2194,1,EA,1,100,1.617123
1764109727.542390,13380184.500,2212,2,EA,1,100,1.613375
1764109727.608893,13380251.000,2212,2,EA,1,100,1.609643
1764109727.675896,13380318.000,2228,1,EA,1,100,1.607041
1764109727.742399,13380384.500,2243,2,EA,1,100,1.604078
1764109727.808901,13380451.000,2243,2,EA,1,100,1.600757
1764109727.875904,13380518.000,2260,1,EA,1,100,1.597083
1764109727.942407,13380584.500,2277,2,EA,1,100,1.594157
1764109728.008910,13380651.000,2277,2,EA,1,100,1.590876
1764109728.075913,13380718.000,2293,1,EA,1,100,1.587973
1764109728.142416,13380784.500,2309,2,EA,1,100,1.585804
1764109728.208919,13380851.000,2309,2,EA,1,100,1.583277
1764109728.275922,13380918.000,2327,1,EA,1,100,1.580041
1764109728.342425,13380984.500,2344,2,EA,1,100,1.577537
1764109728.408927,13381051.000,2344,2,EA,1,100,1.574679
1764109728.475930,13381118.000,2360,1,EA,1,100,1.572191
1764109728.542433,13381184.500,2377,2,EA,1,100,1.570061
1764109728.608936,13381251.000,2377,2,EA,1,100,1.567585
1764109728.675439,13381317.500,2392,2,EA,1,100,1.565471
1764109728.741942,13381384.000,2392,2,EA,1,100,1.563009
1764109728.808945,13381451.000,2409,1,EA,1,100,1.560555
1764109728.875448,13381517.500,2426,2,EA,1,100,1.558460
1764109728.941951,13381584.000,2426,2,EA,1,100,1.556370
1764109729.008954,13381651.000,2443,1,EA,1,100,1.554283
1764109729.075456,13381717.500,2457,2,EA,1,100,1.552549
1764109729.141959,13381784.000,2457,2,EA,1,100,1.550819
1764109729.208962,13381851.000,2477,1,EA,1,100,1.549440
1764109729.275465,13381917.500,2493,2,EA,1,100,1.547029
1764109729.341968,13381984.000,2493,2,EA,1,100,1.544625
1764109729.408971,13382051.000,2510,1,EA,1,100,1.542572
1764109729.475474,13382117.500,2525,2,EA,1,100,1.540864
1764109729.541977,13382184.000,2525,2,EA,1,100,1.538479
1764109729.608646,13382250.667,2545,3,EA,1,100,1.537119
1764109729.675316,13382317.333,2545,3,EA,1,100,1.535423
1764109729.741985,13382384.000,2545,3,EA,1,100,1.534071
1764109729.808988,13382451.000,2564,1,EA,1,100,1.532382
1764109729.875491,13382517.500,2579,2,EA,1,100,1.530359
1764109729.941994,13382584.000,2579,2,EA,1,100,1.528006
1764109730.008997,13382651.000,2596,1,EA,1,100,1.526331
1764109730.075500,13382717.500,2612,2,EA,1,100,1.524326
1764109730.142003,13382784.000,2612,2,EA,1,100,1.522659
1764109730.209006,13382851.000,2630,1,EA,1,100,1.520995
1764109730.275509,13382917.500,2644,2,EA,1,100,1.518671
1764109730.342011,13382984.000,2644,2,EA,1,100,1.517348
1764109730.409014,13383051.000,2661,1,EA,1,100,1.516025
1764109730.475517,13383117.500,2678,2,EA,1,100,1.514376
1764109730.542020,13383184.000,2678,2,EA,1,100,1.512730
1764109730.609023,13383251.000,2697,1,EA,1,100,1.512730
1764109730.675526,13383317.500,2712,2,EA,1,100,1.511088
1764109730.742029,13383384.000,2712,2,EA,1,100,1.509449
1764109730.808532,13383450.500,2729,2,EA,1,100,1.509123
1764109730.875035,13383517.000,2729,2,EA,1,100,1.507814
1764109730.942038,13383584.000,2745,1,EA,1,100,1.506835
1764109731.008540,13383650.500,2762,2,EA,1,100,1.505530
1764109731.075043,13383717.000,2762,2,EA,1,100,1.504554
1764109731.142046,13383784.000,2778,1,EA,1,100,1.503903
1764109731.208549,13383850.500,2794,2,EA,1,100,1.502930
1764109731.275052,13383917.000,2794,2,EA,1,100,1.501957
1764109731.342055,13383984.000,2810,1,EA,1,100,1.501309
1764109731.408558,13384050.500,2827,2,EA,1,100,1.500986
1764109731.475061,13384117.000,2827,2,EA,1,100,1.500661
1764109731.542064,13384184.000,2844,1,EA,1,100,1.499691
1764109731.608567,13384250.500,2861,2,EA,1,100,1.499369
1764109731.675070,13384317.000,2861,2,EA,1,100,1.498723
1764109731.742072,13384384.000,2877,1,EA,1,100,1.499045
1764109731.808575,13384450.500,2895,2,EA,1,100,1.499369
1764109731.875078,13384517.000,2895,2,EA,1,100,1.499045
1764109731.942081,13384584.000,2913,1,EA,1,100,1.499369
1764109732.008584,13384650.500,2928,2,EA,1,100,1.499369
1764109732.075087,13384717.000,2928,2,EA,1,100,1.498077
1764109732.142090,13384784.000,2944,1,EA,1,100,1.498077
1764109732.208593,13384850.500,2962,2,EA,1,100,1.498077
1764109732.275096,13384917.000,2962,2,EA,1,100,1.498077
1764109732.342098,13384984.000,2980,1,EA,1,100,1.496787
1764109732.408601,13385050.500,2995,2,EA,1,100,1.496467
1764109732.475104,13385117.000,2995,2,EA,1,100,1.496467
1764109732.542107,13385184.000,3012,1,EA,1,100,1.496467
1764109732.608610,13385250.500,3029,2,EA,1,100,1.496467
1764109732.675113,13385317.000,3029,2,EA,1,100,1.496467
1764109732.742116,13385384.000,3045,1,EA,1,100,1.496467
1764109732.808619,13385450.500,3062,2,EA,1,100,1.497111
1764109732.875122,13385517.000,3062,2,EA,1,100,1.498077
1764109732.941625,13385583.500,3077,2,EA,1,100,1.498077
1764109733.008127,13385650.000,3077,2,EA,1,100,1.497756
1764109733.075130,13385717.000,3096,1,EA,1,100,1.499691
1764109733.141633,13385783.500,3113,2,EA,1,100,1.500338
1764109733.208136,13385850.000,3113,2,EA,1,100,1.501309
1764109733.275139,13385917.000,3130,1,EA,1,100,1.502930
1764109733.341642,13385983.500,3144,2,EA,1,100,1.504230
1764109733.408145,13386050.000,3144,2,EA,1,100,1.504878
1764109733.475148,13386117.000,3161,1,EA,1,100,1.507160
1764109733.541651,13386183.500,3178,2,EA,1,100,1.507814
1764109733.608154,13386250.000,3178,2,EA,1,100,1.510105
1764109733.675156,13386317.000,3195,1,EA,1,100,1.511745
1764109733.741659,13386383.500,3211,2,EA,1,100,1.513716
1764109733.808162,13386450.000,3211,2,EA,1,100,1.516025
1764109733.875165,13386517.000,3229,1,EA,1,100,1.518671
1764109733.941668,13386583.500,3245,2,EA,1,100,1.520330
1764109734.008171,13386650.000,3245,2,EA,1,100,1.522991
1764109734.075174,13386717.000,3262,1,EA,1,100,1.525997
1764109734.141677,13386783.500,3277,2,EA,1,100,1.530024
1764109734.208180,13386850.000,3277,2,EA,1,100,1.534408
1764109734.275182,13386917.000,3294,1,EA,1,100,1.538479
1764109734.341686,13386983.500,3310,2,EA,1,100,1.543597
1764109734.408188,13387050.000,3310,2,EA,1,100,1.549784
1764109734.475191,13387117.000,3327,1,EA,1,100,1.556717
1764109734.541694,13387183.500,3344,2,EA,1,100,1.565120
1764109734.608197,13387250.000,3344,2,EA,1,100,1.572545
1764109734.675200,13387317.000,3361,1,EA,1,100,1.582557
1764109734.741869,13387383.667,3384,3,EA,1,100,1.593063
1764109734.808539,13387450.333,3384,3,EA,1,100,1.604447
1764109734.875209,13387517.000,3384,3,EA,1,100,1.616372
1764109734.942212,13387584.000,3400,1,EA,1,100,1.629998
1764109735.008714,13387650.500,3417,2,EA,1,100,1.644638
1764109735.075217,13387717.000,3417,2,EA,1,100,1.659934
1764109735.142220,13387784.000,3433,1,EA,1,100,1.676329
1764109735.208723,13387850.500,3449,2,EA,1,100,1.694697
1764109735.275226,13387917.000,3449,2,EA,1,100,1.713893
1764109735.341229,13387983.000,3465,1,EA,1,100,1.734394
1764109735.408232,13388050.000,3484,2,EA,1,100,1.751857
1764109735.475235,13388117.000,3484,2,EA,1,100,1.766530
1764109735.542238,13388184.000,3501,1,EA,1,100,1.781455
1764109735.608741,13388250.500,3516,2,EA,1,100,1.795702
1764109735.675243,13388317.000,3516,2,EA,1,100,1.805017
1764109735.742246,13388384.000,3532,1,EA,1,100,1.813957
1764109735.808749,13388450.500,3552,2,EA,1,100,1.821551
1764109735.875252,13388517.000,3552,2,EA,1,100,1.828252
1764109735.941255,13388583.000,3568,1,EA,1,100,1.834998
